id,comment,Category,Sentiment
1,"The immersive experience of the Apple Vision Pro is unlike anything I've tried before. However, the battery life doesn't last as long as I'd hoped, requiring frequent charging throughout the day.",Battery Life,Positive
2,"I love the sleek design of the Vision Pro, and it fits comfortably even during extended use. The materials feel premium, and it definitely turns heads.",Product Experience,Positive
3,"The price tag of the Vision Pro is quite steep, making it hard to justify the investment for the average user. I wish there were a more affordable option with similar features.",Pricing and Value,Positive
4,"Navigating through the interface feels intuitive, and the integration with other Apple devices is seamless. It's great how easily it syncs with my iPhone and MacBook.",Product Experience,Positive
5,"I experienced some lag while running high-demand applications, which was disappointing for such a premium product. It interrupted my workflow and was quite frustrating.",Performance and Quality,Negative
6,Customer service was incredibly helpful when I had trouble setting up the Vision Pro for the first time. They walked me through each step patiently until everything was working smoothly.,Support and Ecosystem,Positive
7,"The Vision Pro's augmented reality features are impressive, bringing digital elements into the real world convincingly. However, the selection of compatible apps is still limited, which reduces its utility.",Product Experience,Positive
8,"Wearing the headset for more than two hours becomes uncomfortable, as it puts pressure on my nose. I hope future versions will address the weight distribution better.",Battery Life,Positive
9,I appreciate the high-quality build and materials used in the Vision Pro; it feels durable and premium. The attention to detail in its design is truly remarkable.,Product Experience,Positive
10,The setup process was a bit complicated and not as straightforward as other Apple products I've used. It took me a while to figure out the calibration settings.,Product Experience,Neutral
11,"The battery life is exceptional, allowing me to use the Vision Pro throughout the day without needing a recharge. This is perfect for long work sessions or extended entertainment.",Battery Life,Positive
12,"I wish the Vision Pro was lighter; after a while, it starts to feel cumbersome. It's not ideal for long-term wear, especially during travel.",Product Experience,Positive
13,"The display resolution is stunning, making every detail crisp and clear. Watching movies and viewing photos is an entirely new experience with this level of clarity.",Product Experience,Positive
14,"I'm impressed with how smoothly the Vision Pro runs even the most demanding applications. Multitasking is a breeze, and I haven't encountered any performance issues.",Performance and Quality,Positive
15,"I encountered some software glitches that required restarting the device, which interrupted my work. For the price, I expected a more stable software experience.",Pricing and Value,Positive
16,"The Vision Pro seamlessly syncs with my Mac and iPhone, enhancing my productivity. The continuity between devices makes it easy to pick up where I left off.",Product Experience,Positive
17,"Considering its features, the Vision Pro offers good value for the money. It's an investment, but the functionality it provides justifies the cost for me.",Pricing and Value,Positive
18,I was underwhelmed by the limited customization options available in the settings. I'd like more control over the user interface and features.,Other,Positive
19,"The audio quality is immersive, making media consumption a joy on the Vision Pro. The spatial audio adds depth to movies and music that I've never experienced before.",Performance and Quality,Positive
20,It's frustrating that some essential apps are not yet optimized for the Vision Pro. This limits its usefulness for my daily tasks.,Product Experience,Negative
21,"The Vision Pro's display is incredibly sharp, and the color accuracy is top-notch, making it perfect for creative work. However, I noticed some minor overheating during extended sessions.",Product Experience,Positive
22,"I love how easy it is to switch between AR and VR modes. It feels natural and enhances productivity, but the learning curve for certain gestures was steeper than I expected.",Product Experience,Positive
23,"The headset is a game-changer for virtual meetings, making interactions feel much more personal. However, the price point makes it hard to recommend to everyone on my team.",Pricing and Value,Positive
24,"The build quality is excellent, but I wish the device had more padding around the face for added comfort. After a few hours, it starts to feel a bit tight.",Battery Life,Positive
25,"The Vision Pro integrates perfectly with Apple services like iCloud and FaceTime. It's nice to see everything work together so seamlessly, as expected from Apple.",Support and Ecosystem,Positive
26,"While the design is futuristic and sleek, the lack of adjustable straps for head sizes was a bit inconvenient. It took me a while to get a snug fit.",Other,Negative
27,"The Vision Pro's audio system is phenomenal, providing an immersive experience without the need for headphones. It’s one of the standout features for me.",Performance and Quality,Positive
28,"I'm amazed by the potential for productivity apps on this device, but the current app library feels underwhelming. I hope developers start rolling out more options soon.",Product Experience,Positive
29,The Vision Pro's eye-tracking technology is incredibly accurate and makes navigation feel effortless. It's a glimpse into the future of user interfaces.,Other,Positive
30,Battery life is a letdown for such a high-end device. I find myself tethered to a power bank more often than I’d like.,Battery Life,Positive
31,"The initial setup was smooth, and the instructions were clear. It's one of the most user-friendly setups I've experienced with AR/VR products.",Product Experience,Positive
32,"The Vision Pro shines when it comes to collaborative work, allowing multiple users to interact with virtual objects in real-time. This is a big win for teamwork.",Other,Positive
33,"For its price, I expected more storage capacity. The Vision Pro's internal storage fills up quickly, especially with high-res apps and media.",Battery Life,Positive
34,"The headset's weight distribution is better than most competitors, but it still gets tiring during extended use. Comfort could definitely be improved in future iterations.",Product Experience,Positive
35,The ability to use Vision Pro as an external monitor for my MacBook is a game-changer. It’s like having an ultra-wide display without the desk space.,Performance and Quality,Positive
36,"While the design is stunning, I wish it came in more color options. A bit of personalization would go a long way for a device like this.",Other,Positive
37,"The Vision Pro is an amazing concept, but the price is out of reach for many consumers. If Apple made a more affordable version, it would be a hit.",Pricing and Value,Positive
38,"Performance is flawless, even when running graphically intense apps. I haven’t experienced any lag or stutters, which is impressive.",Product Experience,Positive
39,"Customer support was quick to respond when I had issues pairing my Vision Pro with my iPhone. Their guidance was excellent, as always with Apple.",Support and Ecosystem,Positive
40,"The Vision Pro is packed with features, but it feels like a product geared more toward early adopters and tech enthusiasts than the average consumer.",Product Experience,Positive
41,"The Vision Pro feels like an overpriced gadget rather than a necessary tool. For the cost, I expected a lot more functionality and fewer gimmicks.",Pricing and Value,Positive
42,The weight of the device is a serious issue—it feels like a brick on my face after just 30 minutes. Comfort clearly wasn’t a priority in the design.,Product Experience,Positive
43,"The app selection is abysmal. For something so expensive, it’s shocking how little you can actually do with it right now.",Pricing and Value,Negative
44,"Battery life is pathetic. It barely lasts through a movie, which makes it feel like more of a toy than a practical device.",Battery Life,Negative
45,"I ran into compatibility issues with several apps that I use daily. For a device that’s supposed to ‘just work,’ this was incredibly frustrating.",Product Experience,Negative
46,The Vision Pro’s price tag is laughable for what you get. There are more affordable alternatives that offer similar or even better features.,Pricing and Value,Positive
47,Customer service was surprisingly unhelpful when I had an issue with the sensors not calibrating. It took weeks to resolve a problem that shouldn’t have occurred in the first place.,Support and Ecosystem,Positive
48,The setup process was confusing and riddled with bugs. It’s not the seamless Apple experience I’ve come to expect.,Product Experience,Negative
49,"The Vision Pro overheats way too quickly, making it impossible to use for extended periods. For this price, thermal management should have been flawless.",Pricing and Value,Positive
50,"The eye-tracking is hit or miss, often misinterpreting where I’m looking. It ruins the whole experience when basic features don’t work properly.",Other,Negative
51,"Comfort is a huge drawback—the headset feels bulky and awkward, making it hard to imagine anyone wearing it for long periods.",Product Experience,Positive
52,"The visuals are decent, but for the price, I expected groundbreaking clarity. It doesn’t live up to the hype Apple marketed.",Pricing and Value,Positive
53,"The Vision Pro relies too heavily on being part of the Apple ecosystem. If you don’t already own other Apple devices, its functionality is severely limited.",Product Experience,Negative
54,"The lack of physical controls is annoying. Sometimes the gestures don’t register properly, and I’m left fumbling around to perform simple tasks.",Product Experience,Negative
55,"For a device so expensive, the build quality doesn’t feel robust. It seems fragile, like it could break with one wrong move.",Pricing and Value,Positive
56,"The promised productivity features are underwhelming. It’s marketed as a tool for professionals, but it feels like a gimmick in practice.",Product Experience,Positive
57,"I’m disappointed with how heavy and cumbersome the Vision Pro feels. It’s not something I’d want to use regularly, let alone recommend to others.",Product Experience,Negative
58,"Software glitches are far too common. It crashes frequently, which completely ruins the user experience.",Product Experience,Negative
59,"The Vision Pro isn’t user-friendly at all. The controls feel unintuitive, and it doesn’t come close to the simplicity of other Apple products.",Support and Ecosystem,Positive
60,"The Vision Pro is a classic example of form over function. It looks great, but the actual experience of using it leaves much to be desired.",Other,Positive
61,"The Vision Pro has some unique features, but it feels like a product that’s still finding its footing. It’s neither amazing nor terrible—just okay.",Other,Negative
62,"The design is sleek, as expected from Apple, but the usability isn’t groundbreaking. It’s good for casual use, but nothing revolutionary.",Product Experience,Positive
63,"The battery life is average—it’s not the best I’ve seen, but it’s not the worst either. It gets the job done for most sessions.",Battery Life,Positive
64,"The setup process was relatively straightforward, though there were a few moments where I had to double-check the manual. It wasn’t difficult, just a bit time-consuming.",Product Experience,Negative
65,"The Vision Pro offers a decent AR experience, but the app library is still growing. It’s a solid start, but it feels like early days for the platform.",Product Experience,Positive
66,"The audio quality is clear and immersive, but it doesn’t stand out compared to other high-end devices. It’s good, but not exceptional.",Product Experience,Positive
67,"The price is undeniably high, but the quality matches Apple’s usual standard. Whether it’s worth it depends entirely on your needs.",Pricing and Value,Positive
68,"I’ve noticed a few minor bugs here and there, but nothing that completely ruins the experience. It’s not perfect, but it’s functional.",Other,Negative
69,"The Vision Pro is a cool device for entertainment, but I’m not sure it’s a must-have. It feels more like a luxury item than a necessity.",Other,Positive
70,"The weight is noticeable but manageable. It’s not the most comfortable headset I’ve worn, but it’s not unbearable either.",Product Experience,Negative
71,"The integration with the Apple ecosystem is convenient if you already own other Apple products. Otherwise, it doesn’t add much.",Support and Ecosystem,Neutral
72,"The visuals are clear, but they don’t feel as revolutionary as the marketing suggests. It’s a step up from most devices but not a giant leap.",Product Experience,Positive
73,"Comfort is decent, though I wouldn’t recommend wearing it for extended periods. It’s fine for shorter sessions.",Product Experience,Positive
74,"The Vision Pro is a solid piece of hardware, but the software needs more polish. It’s usable, but there’s room for improvement.",Product Experience,Positive
75,"The eye-tracking is a nice feature, though I’ve had moments where it didn’t work as expected. It’s a mixed bag.",Other,Positive
76,"The Vision Pro performs well overall, but it doesn’t excel in any particular area. It’s a jack-of-all-trades kind of device.",Product Experience,Positive
77,"Customer support was helpful when I had questions, though the wait time was a bit longer than I’d like. They eventually resolved my issue.",Support and Ecosystem,Positive
78,"The AR and VR features are interesting, but I’m not sure how much I’ll use them day-to-day. It feels more like a novelty than a necessity.",Product Experience,Positive
79,"The build quality is good, but it doesn’t feel significantly different from other premium devices. It’s solid, but not standout.",Product Experience,Positive
80,"The Vision Pro works as advertised, but it doesn’t blow me away. It’s a fine addition to the Apple lineup, but it’s not a game-changer.",Support and Ecosystem,Positive
